name,region,number,link,a1,a2,a3,a4,a5,a6,a7,a8,description
歐瀚墨,電機資訊學院,3,https://drive.google.com/file/d/1PRb6PdJ55xPfgR9dAobtLi-yB6wavV1B/view?usp=drivesdk,0,"A,E,C,D,B",-1,-1,0.667,1,-0.667,"A,D",<p>（一）在理想中，台大校園空間與資源對外開放的程度為：介於不對外開放與對外開放中間<br /><br />補充說明：無<br /><br />（二）在接下來的一年中，學生代表的任務，按照重要性高低的排序為：「向校方爭取權益」、「監督學生會行政施政」、「反映選民意見」、「資訊公開，例如：公開學代會內部會議紀錄、或出席校級會議的會議紀錄」、「對社會議題進行表態、倡議」<br /><br />補充說明：無<br /><br />（三）面對與學生身份無關、且學生意見分歧之議題（例如：廢除死刑議題），學生會長「一定不行」表態<br />（四）面對與學生身份無關、但學生意見普遍一致之議題（例如：婚姻平權議題），學生會長「一定不行」表態<br />（五）面對與學生身份有關、但學生意見分歧之議題（例如：本校校長聘任議題），學生會長「偏向可以」表態<br />（六）面對與學生身份有關、且學生意見普遍一致之議題（例如：廢除英檢畢業門檻），學生會長「一定可以」表態。<br /><br />補充說明：無<br /><br />（七）學生會與校方之間的關係，應該要比較接近「偏向橋樑式學生會」。<br /><br />補充說明：無<br /><br />（八）接下來的一年中，最重要、最值得被推動的校園議題類別是：「畢業門檻(服務學習/英檢門檻)」、「校園生活(安全/道路)」；具體而言是：「廢除服務學習及英檢門檻」與「校園及周遭交通安全」。<br /><br />補充說明：無<p>
林祐丞,電機資訊學院,1,https://drive.google.com/file/d/16RJ9Gku5xbi0fwRB9Kp3Wx-WhCIjTY6D/view?usp=drivesdk,1,"A,C,B,D,E",-1,1,-1,0.667,0.667,D,<p>（一）在理想中，台大校園空間與資源對外開放的程度為：完全對外開放<br /><br />補充說明：無<br /><br />（二）在接下來的一年中，學生代表的任務，按照重要性高低的排序為：「向校方爭取權益」、「反映選民意見」、「對社會議題進行表態、倡議」、「資訊公開，例如：公開學代會內部會議紀錄、或出席校級會議的會議紀錄」、「監督學生會行政施政」<br /><br />補充說明：無<br /><br />（三）面對與學生身份無關、且學生意見分歧之議題（例如：廢除死刑議題），學生會長「一定不行」表態<br />（四）面對與學生身份無關、但學生意見普遍一致之議題（例如：婚姻平權議題），學生會長「一定可以」表態<br />（五）面對與學生身份有關、但學生意見分歧之議題（例如：本校校長聘任議題），學生會長「一定不行」表態<br />（六）面對與學生身份有關、且學生意見普遍一致之議題（例如：廢除英檢畢業門檻），學生會長「偏向可以」表態。<br /><br />補充說明：無<br /><br />（七）學生會與校方之間的關係，應該要比較接近「偏向工會式學生會」。<br /><br />補充說明：無<br /><br />（八）接下來的一年中，最重要、最值得被推動的校園議題類別是：「校園生活(安全/道路)」；具體而言是：「推動校內環境與道路改善(ex.水杉道)。從大門到電資院一條通，不再有任何顛簸影響心情。」與「改善通勤生權益。爭取更好的休息空間、物品置放空間、以及娛樂空間。」。<br /><br />補充說明：針對教授遲交學期成績狀況的改善方式，以及打造性別友善環境等議題也會列入考慮。<p>
許哲睿,電機資訊學院,6,https://drive.google.com/file/d/1-RmUesbx4_4SrIzzZ1psXyyp_oQMKQaF/view?usp=drivesdk,-0.667,"A,C,B,D,E",1,1,0,1,1,"C,E",<p>（一）在理想中，台大校園空間與資源對外開放的程度為：偏向不對外開放<br /><br />補充說明：校內許多為學生及校友提供的福利諸如優質且便宜(?)的牛奶等等往往為週邊有閒有錢的住戶以物品排隊所占盡，這樣的現象對在學的學生來說不是很理想。我對於台大的資源的看法原則上還是應該提供給台大學生及校友為優先<br /><br />（二）在接下來的一年中，學生代表的任務，按照重要性高低的排序為：「向校方爭取權益」、「反映選民意見」、「對社會議題進行表態、倡議」、「資訊公開，例如：公開學代會內部會議紀錄、或出席校級會議的會議紀錄」、「監督學生會行政施政」<br /><br />補充說明：無<br /><br />（三）面對與學生身份無關、且學生意見分歧之議題（例如：廢除死刑議題），學生會長「一定可以」表態<br />（四）面對與學生身份無關、但學生意見普遍一致之議題（例如：婚姻平權議題），學生會長「一定可以」表態<br />（五）面對與學生身份有關、但學生意見分歧之議題（例如：本校校長聘任議題），學生會長「介於不行與可以中間」表態<br />（六）面對與學生身份有關、且學生意見普遍一致之議題（例如：廢除英檢畢業門檻），學生會長「一定可以」表態。<br /><br />補充說明：我法盲 我雙重標準<br /><br />（七）學生會與校方之間的關係，應該要比較接近「工會式學生會」。<br /><br />補充說明：無<br /><br />（八）接下來的一年中，最重要、最值得被推動的校園議題類別是：「教務改革」、「校園建築新建與廢除」；具體而言是：「體育課程數目增加以滿足龐大的修課需求」與「拆除鹿鳴堂，還給新大樓完善逃生路徑」。<br /><br />補充說明：無<p>
陳品臻,電機資訊學院,5,https://drive.google.com/file/d/152ByflocyYawP5EJo-Yxy8qzBWp4ltYn/view?usp=drivesdk,0.667,"E,B,A,D,C",0.667,1,0,1,0.667,B,<p>（一）在理想中，台大校園空間與資源對外開放的程度為：偏向對外開放<br /><br />補充說明：無<br /><br />（二）在接下來的一年中，學生代表的任務，按照重要性高低的排序為：「監督學生會行政施政」、「對社會議題進行表態、倡議」、「向校方爭取權益」、「資訊公開，例如：公開學代會內部會議紀錄、或出席校級會議的會議紀錄」、「反映選民意見」<br /><br />補充說明：無<br /><br />（三）面對與學生身份無關、且學生意見分歧之議題（例如：廢除死刑議題），學生會長「偏向可以」表態<br />（四）面對與學生身份無關、但學生意見普遍一致之議題（例如：婚姻平權議題），學生會長「一定可以」表態<br />（五）面對與學生身份有關、但學生意見分歧之議題（例如：本校校長聘任議題），學生會長「介於不行與可以中間」表態<br />（六）面對與學生身份有關、且學生意見普遍一致之議題（例如：廢除英檢畢業門檻），學生會長「一定可以」表態。<br /><br />補充說明：無<br /><br />（七）學生會與校方之間的關係，應該要比較接近「偏向工會式學生會」。<br /><br />補充說明：無<br /><br />（八）接下來的一年中，最重要、最值得被推動的校園議題類別是：「性別友善」；具體而言是：「性別友善宿舍」。<br /><br />補充說明：無<p>
郝思傑,法律學院,1,https://drive.google.com/file/d/1fg10fjO7s1oAttV4Cut2NiRYnAtx63of/view?usp=drivesdk,1,"B,A,D,C,E",1,1,1,1,0.667,"B,D",<p>（一）在理想中，台大校園空間與資源對外開放的程度為：完全對外開放<br /><br />補充說明：1、人進不來，東西怎麼賣得出去，怎麼發大財。<br /> 2、我認為台大無法完全封閉，全然獨立於這座城市、這個社會；一定程度的公共性是難以避免的。但當然若有什麼不得不避免的理由或許公共性就得讓步。<br /> 3、現況是，常常有人對校外人士的活動不滿，如造成噪音、交通、擁擠，或甚至人身安全等問題。<br /> 4、有些問題可能可以透過一些管制手段減緩，例如規定團體參訪必須事先登記且繳交規費；限制校外人士不得出入特定區域，對於校內外人士消費價差再擴大等。（當然我並未詳細梳理現行規定或考察現況）<br /> 5、至於校園安全問題，我不認為開放性使得台大比起這座城市更加危險，頂多是和這座城市有著同樣的一般生活風險（但宿舍區域是否如此值得更多研究）。當然有一個前提是駐警隊能和一般警察一樣有效。很多人決的台大應該更安全一點，但再怎麼追求安全總有一條與所耗成本相平衡的界線（邊際效益降不斷降低）。因此，我覺得這點並不構成前面所說的公共性不得不讓步的理由。<br /><br />（二）在接下來的一年中，學生代表的任務，按照重要性高低的排序為：「對社會議題進行表態、倡議」、「向校方爭取權益」、「資訊公開，例如：公開學代會內部會議紀錄、或出席校級會議的會議紀錄」、「反映選民意見」、「監督學生會行政施政」<br /><br />補充說明：我個人其實一直並不認同學生會能有什麼施政可言，極端一點可說是對學生自治抱持懷疑態度。進而，在我看來參與學生自治的意義最重要者就屬個人價值的實踐。與現實政治有利益牽扯的情形有別，多數人都是抱持著某種信念而進入體制。（好啦其實我不確定，畢竟我也還沒進入體制，天知道掌權者手上有多少資源。或是刷履歷可能也是常見的動機，而且還不能讓夥伴的未來蒙塵喔ㄏㄏ）因此，我個人將對社會議題進行表態倡議排序第一。<br /> 次之，在我認知中學生自治一項重要功能就是展現學生的團結權（自己隨便取的名字）。我對學生自治的懷疑主要在代表性與體制，這方面現實作用上個人是受用無窮。<br /> 第三，我排的是資訊公開。主要著眼於出席校級會議的紀錄。承接上面的脈絡，我一直很不認同學生自治組織能夠「代表」學生。只是基於現行規定，空中樓閣的政府設計，不得不正視這個現況。我不認為作為校級會議代表有多少民意後盾，所作所為多是自己的理念；我不是說這樣不行，只是最起碼請做好資訊公開，留給體制外的人自己判斷的空間。<br /> 至於最後兩項，我不認為學生自治需要去那樣假裝自己。也就是說，這兩項就算強調也沒有用啦。<br /><br />（三）面對與學生身份無關、且學生意見分歧之議題（例如：廢除死刑議題），學生會長「一定可以」表態<br />（四）面對與學生身份無關、但學生意見普遍一致之議題（例如：婚姻平權議題），學生會長「一定可以」表態<br />（五）面對與學生身份有關、但學生意見分歧之議題（例如：本校校長聘任議題），學生會長「一定可以」表態<br />（六）面對與學生身份有關、且學生意見普遍一致之議題（例如：廢除英檢畢業門檻），學生會長「一定可以」表態。<br /><br />補充說明：自己想說什麼沒有不行，不過本人真的很不喜歡自詡代表著台大學生高談闊論，真的沒有什麼民意後盾這回事。獲得台大學生的授權當選是一回事，但是否獲得授權代言我是抱持懷疑態度的。學生代表發言只是代表一位透過台大學生自己辦的選舉選出來的人發言，僅僅如此而已。<br /><br />（七）學生會與校方之間的關係，應該要比較接近「偏向工會式學生會」。<br /><br />補充說明：其實我不認為該被這樣分成光譜兩端，往往會互為手段。<br /> 之所以填答四是有點看不慣作秀過頭的地方。像是鹿鳴旁邊那棟，設計早就應該出來了才會照著蓋；拆鹿鳴也早該是在蓋之前就應該負責任充分討論的議題。搞到現在把旁邊那棟蓋好才拿那棟來逼宮，在講一些堂而皇之的理由，看不懂是在演哪齣。事情演變到現在再怎麼義正詞嚴都顯得可笑。<br /><br />（八）接下來的一年中，最重要、最值得被推動的校園議題類別是：「性別友善」、「校園生活(安全/道路)」；具體而言是：「如同我的政見，興建法MALL，打造台大地下城，串聯完整愛情產業鍊。」與「改善運動環境」。<br /><br />補充說明：總區排球場、籃球場等根本就應該加蓋（打造成風雨球場）。<br /> 我真的不懂為什麼不蓋，只想的到兩個可能，一個是優先性不高，沒錢；一個可能是校園景觀考量。<br /> 我也真的受不了後者，到底還要用這招綁架台大學生多久。這也是我為什麼提出打造台大地下城的原因之一，透過校園建設的全盤再規劃，解放校園景觀與運動場域，以及停車環境。<p>
林奇緯,工學院,1,https://drive.google.com/file/d/1kNbi5sjb9TECTlevnXsEUR15UcvD2ozl/view?usp=drivesdk,0,"D,E,C,A,B",-1,0,-0.667,1,-0.667,D,<p>（一）在理想中，台大校園空間與資源對外開放的程度為：介於不對外開放與對外開放中間<br /><br />補充說明：無<br /><br />（二）在接下來的一年中，學生代表的任務，按照重要性高低的排序為：「資訊公開，例如：公開學代會內部會議紀錄、或出席校級會議的會議紀錄」、「監督學生會行政施政」、「反映選民意見」、「向校方爭取權益」、「對社會議題進行表態、倡議」<br /><br />補充說明：無<br /><br />（三）面對與學生身份無關、且學生意見分歧之議題（例如：廢除死刑議題），學生會長「一定不行」表態<br />（四）面對與學生身份無關、但學生意見普遍一致之議題（例如：婚姻平權議題），學生會長「介於不行與可以中間」表態<br />（五）面對與學生身份有關、但學生意見分歧之議題（例如：本校校長聘任議題），學生會長「偏向不行」表態<br />（六）面對與學生身份有關、且學生意見普遍一致之議題（例如：廢除英檢畢業門檻），學生會長「一定可以」表態。<br /><br />補充說明：無<br /><br />（七）學生會與校方之間的關係，應該要比較接近「偏向橋樑式學生會」。<br /><br />補充說明：無<br /><br />（八）接下來的一年中，最重要、最值得被推動的校園議題類別是：「校園生活(安全/道路)」；具體而言是：「麥當勞大薯不能少！」與「台大牛奶買得到！」。<br /><br />補充說明：無<p>
梁嫚芳,公共衛生學院,1,https://drive.google.com/file/d/1LhUtQ8fZFHa-F4jKuRXZUsWQY_ZYnIRe/view?usp=drivesdk,0,"A,C,E,D,B",-1,0.667,-0.667,1,0.667,E,<p>（一）在理想中，台大校園空間與資源對外開放的程度為：介於不對外開放與對外開放中間<br /><br />補充說明：無<br /><br />（二）在接下來的一年中，學生代表的任務，按照重要性高低的排序為：「向校方爭取權益」、「反映選民意見」、「監督學生會行政施政」、「資訊公開，例如：公開學代會內部會議紀錄、或出席校級會議的會議紀錄」、「對社會議題進行表態、倡議」<br /><br />補充說明：無<br /><br />（三）面對與學生身份無關、且學生意見分歧之議題（例如：廢除死刑議題），學生會長「一定不行」表態<br />（四）面對與學生身份無關、但學生意見普遍一致之議題（例如：婚姻平權議題），學生會長「偏向可以」表態<br />（五）面對與學生身份有關、但學生意見分歧之議題（例如：本校校長聘任議題），學生會長「偏向不行」表態<br />（六）面對與學生身份有關、且學生意見普遍一致之議題（例如：廢除英檢畢業門檻），學生會長「一定可以」表態。<br /><br />補充說明：無<br /><br />（七）學生會與校方之間的關係，應該要比較接近「偏向工會式學生會」。<br /><br />補充說明：無<br /><br />（八）接下來的一年中，最重要、最值得被推動的校園議題類別是：「校園建築新建與廢除」；具體而言是：「拆鹿鳴堂」。<br /><br />補充說明：無<p>
曾庠,管理學院,1,https://drive.google.com/file/d/1OWrxto5esB6lgO59lFo-IqNxY6Ek2baj/view?usp=drivesdk,-0.667,"C,A,E,B,D",-1,0.667,-1,0.667,0,"C,D",<p>（一）在理想中，台大校園空間與資源對外開放的程度為：偏向不對外開放<br /><br />補充說明：學校資源對外的開放，應以不影響學生使用權益為前提。<br /><br />（二）在接下來的一年中，學生代表的任務，按照重要性高低的排序為：「反映選民意見」、「向校方爭取權益」、「監督學生會行政施政」、「對社會議題進行表態、倡議」、「資訊公開，例如：公開學代會內部會議紀錄、或出席校級會議的會議紀錄」<br /><br />補充說明：這幾點都非常重要不容偏廢，若當選將全面顧及。其中反映選民意見為學代主要任務，將特別重視之。<br /><br />（三）面對與學生身份無關、且學生意見分歧之議題（例如：廢除死刑議題），學生會長「一定不行」表態<br />（四）面對與學生身份無關、但學生意見普遍一致之議題（例如：婚姻平權議題），學生會長「偏向可以」表態<br />（五）面對與學生身份有關、但學生意見分歧之議題（例如：本校校長聘任議題），學生會長「一定不行」表態<br />（六）面對與學生身份有關、且學生意見普遍一致之議題（例如：廢除英檢畢業門檻），學生會長「偏向可以」表態。<br /><br />補充說明：我認為未經意見調查之下，學生會不宜代表全體進行表態。惟若該議題具高度學生共識(應有民調支持)，學生會代行意見表達，無傷大雅。<br /><br />（七）學生會與校方之間的關係，應該要比較接近「介於橋樑式學生會與工會式學生會之間」。<br /><br />補充說明：體制外抗爭不應成為常態，但不可否認抗議、開記者會等手段在學生權益受損時，可能是必須採取的作為。<br /><br />（八）接下來的一年中，最重要、最值得被推動的校園議題類別是：「教務改革」、「校園生活(安全/道路)」；具體而言是：「校園生活品質提升(包含新大樓的啟用)」與「落實課程評分制度，確保課程品質，淘汰雷課」。<br /><br />補充說明：無<p>
吳宜芷,理學院,2,https://drive.google.com/file/d/1PtaUk9VDpi748rLP9L_APn2xNYFuyjX-/view?usp=drivesdk,0,"E,A,D,C,B",0,0.667,0,0.667,0,B,<p>（一）在理想中，台大校園空間與資源對外開放的程度為：介於不對外開放與對外開放中間<br /><br />補充說明：在保障師生安全與權益不受排擠的前提下，可盡量予以開放<br /><br />（二）在接下來的一年中，學生代表的任務，按照重要性高低的排序為：「監督學生會行政施政」、「向校方爭取權益」、「資訊公開，例如：公開學代會內部會議紀錄、或出席校級會議的會議紀錄」、「反映選民意見」、「對社會議題進行表態、倡議」<br /><br />補充說明：覺得在可行的情況下，以上任務或許可以並行之，並非得排序<br /><br />（三）面對與學生身份無關、且學生意見分歧之議題（例如：廢除死刑議題），學生會長「介於不行與可以中間」表態<br />（四）面對與學生身份無關、但學生意見普遍一致之議題（例如：婚姻平權議題），學生會長「偏向可以」表態<br />（五）面對與學生身份有關、但學生意見分歧之議題（例如：本校校長聘任議題），學生會長「介於不行與可以中間」表態<br />（六）面對與學生身份有關、且學生意見普遍一致之議題（例如：廢除英檢畢業門檻），學生會長「偏向可以」表態。<br /><br />補充說明：無<br /><br />（七）學生會與校方之間的關係，應該要比較接近「介於橋樑式學生會與工會式學生會之間」。<br /><br />補充說明：無<br /><br />（八）接下來的一年中，最重要、最值得被推動的校園議題類別是：「性別友善」；具體而言是：「支持推動校內性別友善空間」。<br /><br />補充說明：無<p>
王曼因,社會科學院,6,https://drive.google.com/file/d/1WC0Cu2k5DSIFSXHulhyqlXXyM9eal64p/view?usp=drivesdk,-0.667,"A,C,D,E,B",-1,0,-0.667,0.667,0,E,<p>（一）在理想中，台大校園空間與資源對外開放的程度為：偏向不對外開放<br /><br />補充說明：台大校園空間與資源對外開放之程度，應先維護台大學生的使用權，在進而權衡對外開放程度。現今校園空間對外開放程度頗高，有影響學生使用權的現象。<br /><br />（二）在接下來的一年中，學生代表的任務，按照重要性高低的排序為：「向校方爭取權益」、「反映選民意見」、「資訊公開，例如：公開學代會內部會議紀錄、或出席校級會議的會議紀錄」、「監督學生會行政施政」、「對社會議題進行表態、倡議」<br /><br />補充說明：學生自治最重要的元素之一就是爭取權益。反映選民意見、了解選民需求，便能進而幫選民爭取權益。<br /><br />（三）面對與學生身份無關、且學生意見分歧之議題（例如：廢除死刑議題），學生會長「一定不行」表態<br />（四）面對與學生身份無關、但學生意見普遍一致之議題（例如：婚姻平權議題），學生會長「介於不行與可以中間」表態<br />（五）面對與學生身份有關、但學生意見分歧之議題（例如：本校校長聘任議題），學生會長「偏向不行」表態<br />（六）面對與學生身份有關、且學生意見普遍一致之議題（例如：廢除英檢畢業門檻），學生會長「偏向可以」表態。<br /><br />補充說明：學生會長應對台大學生對議題的想法有一定了解，但表態仍應維持中立，或有根據地做回答。<br /><br />（七）學生會與校方之間的關係，應該要比較接近「介於橋樑式學生會與工會式學生會之間」。<br /><br />補充說明：無<br /><br />（八）接下來的一年中，最重要、最值得被推動的校園議題類別是：「校園建築新建與廢除」；具體而言是：「改善校園交通安全和腳踏車亂象」。<br /><br />補充說明：無<p>
黃芝庭,社會科學院,2,https://drive.google.com/file/d/1pOoLG7ANQDRwwCygaT8cqjIVqH5LiVcP/view?usp=drivesdk,0,"C,A,E,D,B",-0.667,0.667,0.667,1,0.667,"A,B",<p>（一）在理想中，台大校園空間與資源對外開放的程度為：介於不對外開放與對外開放中間<br /><br />補充說明：當台大的校內空間與資源開放給非台大學生使用時，我認為使用門檻及成本應較台大學生高。<br /><br />（二）在接下來的一年中，學生代表的任務，按照重要性高低的排序為：「反映選民意見」、「向校方爭取權益」、「監督學生會行政施政」、「資訊公開，例如：公開學代會內部會議紀錄、或出席校級會議的會議紀錄」、「對社會議題進行表態、倡議」<br /><br />補充說明：我將「反映選民意見」視為最重要的原因在於，學生代表有席次限制，因此可以成為學代並且參與學校行政會議、對學生會提出建議的人仍是少數，所以我認為<br /> 應該要廣納選民的想法，讓自己成為學生可以向學生(代)會表達意見的管道。<br /><br />（三）面對與學生身份無關、且學生意見分歧之議題（例如：廢除死刑議題），學生會長「偏向不行」表態<br />（四）面對與學生身份無關、但學生意見普遍一致之議題（例如：婚姻平權議題），學生會長「偏向可以」表態<br />（五）面對與學生身份有關、但學生意見分歧之議題（例如：本校校長聘任議題），學生會長「偏向可以」表態<br />（六）面對與學生身份有關、且學生意見普遍一致之議題（例如：廢除英檢畢業門檻），學生會長「一定可以」表態。<br /><br />補充說明：關於第三、四題，我的想法是當初學生會長獲得最高票而當選，即表示有一群同學認同他的政見或理念，因此當面對「與學生身份有關」的議題時，無論學生意見是一致或分歧，我都支持學生會長應該積極表態。<br /><br />（七）學生會與校方之間的關係，應該要比較接近「偏向工會式學生會」。<br /><br />補充說明：我並不認為「發文抗議、開記者會、校內遊行」是激進的做法，只不過是藉由校外媒體的壓力，迫使學校較為積極地面對及處理問題。<br /><br />（八）接下來的一年中，最重要、最值得被推動的校園議題類別是：「畢業門檻(服務學習/英檢門檻)」、「性別友善」；具體而言是：「廢除英文畢業門檻」與「性別友善廁所設置」。<br /><br />補充說明：無<p>
陳昀瑋,社會科學院,7,https://drive.google.com/file/d/1_Bqp3Dc8uXBQMiTn4SU1o_-j-zOca35U/view?usp=drivesdk,0.667,"E,C,A,D,B",-0.667,1,0.667,1,0,"A,G",<p>（一）在理想中，台大校園空間與資源對外開放的程度為：偏向對外開放<br /><br />補充說明：校園應開放而親民，但不能影響課程或剝奪學生活動權利，收益也應該用於提升台大學習環境及校園養護。<br /><br />（二）在接下來的一年中，學生代表的任務，按照重要性高低的排序為：「監督學生會行政施政」、「反映選民意見」、「向校方爭取權益」、「資訊公開，例如：公開學代會內部會議紀錄、或出席校級會議的會議紀錄」、「對社會議題進行表態、倡議」<br /><br />補充說明：上述五個都應該是學代的任務，排重要性有點困難，至多只能說衝突時會以何者為優先，但會盡力達成每一項要求。<br /><br />（三）面對與學生身份無關、且學生意見分歧之議題（例如：廢除死刑議題），學生會長「偏向不行」表態<br />（四）面對與學生身份無關、但學生意見普遍一致之議題（例如：婚姻平權議題），學生會長「一定可以」表態<br />（五）面對與學生身份有關、但學生意見分歧之議題（例如：本校校長聘任議題），學生會長「偏向可以」表態<br />（六）面對與學生身份有關、且學生意見普遍一致之議題（例如：廢除英檢畢業門檻），學生會長「一定可以」表態。<br /><br />補充說明：第一及三題應以兩方意見並陳為優，但若是學生會認定重要、欲倡議之價值，可經學代會同意後適度表態(若要代表台大學生)<br /><br />（七）學生會與校方之間的關係，應該要比較接近「介於橋樑式學生會與工會式學生會之間」。<br /><br />補充說明：是學校個別態度而定，兩者交互運用才能發會最大效果<br /><br />（八）接下來的一年中，最重要、最值得被推動的校園議題類別是：「畢業門檻(服務學習/英檢門檻)」、「學生活動空間/設備」；具體而言是：「支持推動服務學習改革」與「監督校園場地維護(如操場)」。<br /><br />補充說明：無<p>
張智翔,生物資源暨農學院,5,https://drive.google.com/file/d/1_T-aSGoEFE_byABdc8YMMBKG2NldVuzU/view?usp=drivesdk,1,"C,A,B,E,D",-1,0.667,-1,0.667,0,"G,H",<p>（一）在理想中，台大校園空間與資源對外開放的程度為：完全對外開放<br /><br />補充說明：常常有東西失竊，我想是非常開放了<br /><br />（二）在接下來的一年中，學生代表的任務，按照重要性高低的排序為：「反映選民意見」、「向校方爭取權益」、「對社會議題進行表態、倡議」、「監督學生會行政施政」、「資訊公開，例如：公開學代會內部會議紀錄、或出席校級會議的會議紀錄」<br /><br />補充說明：無<br /><br />（三）面對與學生身份無關、且學生意見分歧之議題（例如：廢除死刑議題），學生會長「一定不行」表態<br />（四）面對與學生身份無關、但學生意見普遍一致之議題（例如：婚姻平權議題），學生會長「偏向可以」表態<br />（五）面對與學生身份有關、但學生意見分歧之議題（例如：本校校長聘任議題），學生會長「一定不行」表態<br />（六）面對與學生身份有關、且學生意見普遍一致之議題（例如：廢除英檢畢業門檻），學生會長「偏向可以」表態。<br /><br />補充說明：不喜歡非理性造神運動<br /><br />（七）學生會與校方之間的關係，應該要比較接近「介於橋樑式學生會與工會式學生會之間」。<br /><br />補充說明：我是中壢人<br /><br />（八）接下來的一年中，最重要、最值得被推動的校園議題類別是：「學生活動空間/設備」、「學生社團活動」；具體而言是：「簡化學生活動申請流程」與「開放總圖鐘樓」。<br /><br />補充說明：無<p>
韓政軒,生物資源暨農學院,1,https://drive.google.com/file/d/1AJ4_hfh1qNr40POqjQkjeJVXZCwO_ZkF/view?usp=drivesdk,1,"A,C,B,E,D",-1,-1,0,0.667,0.667,"D,G",<p>（一）在理想中，台大校園空間與資源對外開放的程度為：完全對外開放<br /><br />補充說明：無<br /><br />（二）在接下來的一年中，學生代表的任務，按照重要性高低的排序為：「向校方爭取權益」、「反映選民意見」、「對社會議題進行表態、倡議」、「監督學生會行政施政」、「資訊公開，例如：公開學代會內部會議紀錄、或出席校級會議的會議紀錄」<br /><br />補充說明：無<br /><br />（三）面對與學生身份無關、且學生意見分歧之議題（例如：廢除死刑議題），學生會長「一定不行」表態<br />（四）面對與學生身份無關、但學生意見普遍一致之議題（例如：婚姻平權議題），學生會長「一定不行」表態<br />（五）面對與學生身份有關、但學生意見分歧之議題（例如：本校校長聘任議題），學生會長「介於不行與可以中間」表態<br />（六）面對與學生身份有關、且學生意見普遍一致之議題（例如：廢除英檢畢業門檻），學生會長「偏向可以」表態。<br /><br />補充說明：學生會長之言論能代表學生僅限議題與學生有關<br /><br />（七）學生會與校方之間的關係，應該要比較接近「偏向工會式學生會」。<br /><br />補充說明：學生被官僚壓迫太久，長久以來都採取溫和手段，是時候改變了<br /><br />（八）接下來的一年中，最重要、最值得被推動的校園議題類別是：「校園生活(安全/道路)」、「學生活動空間/設備」；具體而言是：「積極提升硬體設施，包括恐龍標本、禱告室、老舊電腦汰換」與「校內汽車減量」。<br /><br />補充說明：無<p>
劉兆均,生物資源暨農學院,4,https://drive.google.com/file/d/1QkuNfbjdJEoyo1LE94IXFWSHJLyQHpol/view?usp=drivesdk,0.667,"E,C,A,B,D",0,0,0,0,0.667,"A,E",<p>（一）在理想中，台大校園空間與資源對外開放的程度為：偏向對外開放<br /><br />補充說明：仍然應該以學生為主體，現行狀況下，應該降低學生的使用門檻<br /><br />（二）在接下來的一年中，學生代表的任務，按照重要性高低的排序為：「監督學生會行政施政」、「反映選民意見」、「向校方爭取權益」、「對社會議題進行表態、倡議」、「資訊公開，例如：公開學代會內部會議紀錄、或出席校級會議的會議紀錄」<br /><br />補充說明：無<br /><br />（三）面對與學生身份無關、且學生意見分歧之議題（例如：廢除死刑議題），學生會長「介於不行與可以中間」表態<br />（四）面對與學生身份無關、但學生意見普遍一致之議題（例如：婚姻平權議題），學生會長「介於不行與可以中間」表態<br />（五）面對與學生身份有關、但學生意見分歧之議題（例如：本校校長聘任議題），學生會長「介於不行與可以中間」表態<br />（六）面對與學生身份有關、且學生意見普遍一致之議題（例如：廢除英檢畢業門檻），學生會長「介於不行與可以中間」表態。<br /><br />補充說明：請大家一起支持爭取校務會議學生代表名額增設謝謝<br /><br />（七）學生會與校方之間的關係，應該要比較接近「偏向工會式學生會」。<br /><br />補充說明：請大家一起支持爭取校務會議學生代表名額增設謝謝<br /><br />（八）接下來的一年中，最重要、最值得被推動的校園議題類別是：「畢業門檻(服務學習/英檢門檻)」、「校園建築新建與廢除」；具體而言是：「廢除英檢門檻」與「鹿鳴堂及卓聯大樓相關事項」。<br /><br />補充說明：還是請大家一起支持爭取校務會議學生代表名額增設謝謝<p>
黃子維,文學院,2,https://drive.google.com/file/d/170yNtXjf2ul4O1AfynNob1pFvINv4nBK/view?usp=drivesdk,-0.667,"D,C,A,E,B",-1,1,0,1,-0.667,"A,E",<p>（一）在理想中，台大校園空間與資源對外開放的程度為：偏向不對外開放<br /><br />補充說明：校園內的各項設施及服務應以台大學生為主體。<br /><br />（二）在接下來的一年中，學生代表的任務，按照重要性高低的排序為：「資訊公開，例如：公開學代會內部會議紀錄、或出席校級會議的會議紀錄」、「反映選民意見」、「向校方爭取權益」、「監督學生會行政施政」、「對社會議題進行表態、倡議」<br /><br />補充說明：提供同學足夠的公開資訊，才能促使議題的討論，讓民意及同學所需的權益更加具體，方能在監督學生會時有所依據。<br /><br />（三）面對與學生身份無關、且學生意見分歧之議題（例如：廢除死刑議題），學生會長「一定不行」表態<br />（四）面對與學生身份無關、但學生意見普遍一致之議題（例如：婚姻平權議題），學生會長「一定可以」表態<br />（五）面對與學生身份有關、但學生意見分歧之議題（例如：本校校長聘任議題），學生會長「介於不行與可以中間」表態<br />（六）面對與學生身份有關、且學生意見普遍一致之議題（例如：廢除英檢畢業門檻），學生會長「一定可以」表態。<br /><br />補充說明：面對與學生身份有關、但學生意見分歧之議題時，會長應敦促秘書部，在不帶有特定立場的前提之下，將校內不同的聲音並陳，促進校內不同意見間對彼此的了解，同時以闢謠的形式，降低社會中因媒體片面對於台大學生意見的解釋而產生的不良印象。<br /><br />（七）學生會與校方之間的關係，應該要比較接近「偏向橋樑式學生會」。<br /><br />補充說明：應視議題的性質及校方態度，參酌學生意見而定。<br /> 原則上應以協調為主，以抗爭為例外。<br /><br />（八）接下來的一年中，最重要、最值得被推動的校園議題類別是：「畢業門檻(服務學習/英檢門檻)」、「校園建築新建與廢除」；具體而言是：「對於學生學習空間品質的提升。如人文大樓及卓聯大樓的動工及啟用。」與「學習自主化。如服務學習制度的鬆綁及英檢畢業門檻的廢除。」。<br /><br />補充說明：請務必詳閱各候選人政見，選出真正認真面對議題的候選人。<p>
羅士凱,文學院,4,https://drive.google.com/file/d/1dK_ln73bEWrho-mn3lzMIPH6WprLkgJC/view?usp=drivesdk,-0.667,"D,B,C,A,E",-1,0.667,-0.667,1,0.667,"I,J",<p>（一）在理想中，台大校園空間與資源對外開放的程度為：偏向不對外開放<br /><br />補充說明：空間開放，資源不開放<br /><br />（二）在接下來的一年中，學生代表的任務，按照重要性高低的排序為：「資訊公開，例如：公開學代會內部會議紀錄、或出席校級會議的會議紀錄」、「對社會議題進行表態、倡議」、「反映選民意見」、「向校方爭取權益」、「監督學生會行政施政」<br /><br />補充說明：無<br /><br />（三）面對與學生身份無關、且學生意見分歧之議題（例如：廢除死刑議題），學生會長「一定不行」表態<br />（四）面對與學生身份無關、但學生意見普遍一致之議題（例如：婚姻平權議題），學生會長「偏向可以」表態<br />（五）面對與學生身份有關、但學生意見分歧之議題（例如：本校校長聘任議題），學生會長「偏向不行」表態<br />（六）面對與學生身份有關、且學生意見普遍一致之議題（例如：廢除英檢畢業門檻），學生會長「一定可以」表態。<br /><br />補充說明：以會長身份回答並申明不代表全體學生立場<br /><br />（七）學生會與校方之間的關係，應該要比較接近「偏向工會式學生會」。<br /><br />補充說明：磋商就像摸頭一樣<br /><br />（八）接下來的一年中，最重要、最值得被推動的校園議題類別是：「學生會體制改革」、「學生政治意識/社會責任」；具體而言是：「使同學認知學生自治是撈仔獲取和分贓政治利益的溫床。」與「讓同學認知到歷史意識與社會責任之重要。」。<br /><br />補充說明：無<p>
莊鎮元,文學院,7,https://drive.google.com/file/d/1ZkbyQ_OShDnRRihKAO8eDxnNfVXpdNCi/view?usp=drivesdk,1,"B,E,C,A,D",-1,-1,-1,-1,1,"F,J",<p>（一）在理想中，台大校園空間與資源對外開放的程度為：完全對外開放<br /><br />補充說明：無<br /><br />（二）在接下來的一年中，學生代表的任務，按照重要性高低的排序為：「對社會議題進行表態、倡議」、「監督學生會行政施政」、「反映選民意見」、「向校方爭取權益」、「資訊公開，例如：公開學代會內部會議紀錄、或出席校級會議的會議紀錄」<br /><br />補充說明：我想說明我如何做志願排序的對社會議題進行表態：<br /> 我們可以知道學生會30年的歷史，其公開言論左右無論臺大抑或台灣政治的影響力是有其重要性。<br /> <br /> 很遺憾的是，我們卻對如今的學生會視如所謂「社團性質」、辦辦活動、快快樂樂、是馬戲團還是康輔社？<br /> <br /> 的確不可諱言學代會有監督之責、家國之任，但無論學代會還是學生會都應該要了解到一點：台大學生有扛起國家社會之責，如何而能袖手旁觀裝作沒事呢？如果對於社會議題的漠視，那我們對於台灣的未來何以堪憂？而對於一個偉大城市的興亡漠不關心，會是一個世代的悲哀。<br /> <br /> 臺大學代會有推動學生政治參與之大責，本人深信要從<br /> 校園「政治100分，政客0分」以身作則，<br /> 本人上任會積極在議會推動此風氣，讓我們昂首闊步台大人，為這個社會負起應有的責任吧！<br /><br />（三）面對與學生身份無關、且學生意見分歧之議題（例如：廢除死刑議題），學生會長「一定不行」表態<br />（四）面對與學生身份無關、但學生意見普遍一致之議題（例如：婚姻平權議題），學生會長「一定不行」表態<br />（五）面對與學生身份有關、但學生意見分歧之議題（例如：本校校長聘任議題），學生會長「一定不行」表態<br />（六）面對與學生身份有關、且學生意見普遍一致之議題（例如：廢除英檢畢業門檻），學生會長「一定不行」表態。<br /><br />補充說明：我不認同學生會會長可以未經意見調查就貿然代表我們臺大人。<br /> 重點不是這個議題的贊成人數多寡，而是你的正當性問題，你的一言一行代表我們臺大，學生會會長要發揮的是領導的能力「你要傾聽同時你要有魄力」<br /> 不是說因為你的鎂光燈足夠，所以有這樣的機會可以代表台大人的想法<br /> <br /> 本人在2015年剛從美國來即宣布參選高中部學生會會長，我是高一參選我確實輸得徹徹底底；2016年再度披掛上陣，以396票當選復旦高中學生會會長。你說，我就代表了全高中部同學嗎？肯定不是的。但這不否定會長的話語權，而是前提是傾聽為上！<br /> 民意如流水，起伏不定，臺大學生會會長應當戒慎恐懼，應當傾聽民心，應當做一個有魄力的領導者。本人的立場一向堅若磐石。<br /><br />（七）學生會與校方之間的關係，應該要比較接近「工會式學生會」。<br /><br />補充說明：2017年，我當選復旦高中的學生議員，我監督的人是我的直屬會長學弟，我砲火對的是學校的行政主管機關。沒有抗爭沒有勝利，我們確實不夠偉大，但你可以確實採取所謂橋梁式學生會，那我認為你會成為台大校方的魁儡以及一個大聲公罷了。我深信學生自治的可貴，我珍惜臺大人一路爭取的信仰跟價值，但不代表民主的價值不能激進或者強勢，本人立場堅定，我的質詢立場以及基本信仰不會改變，我們<br /> 需要的是大刀闊斧的砲火，而不是沒有意義的幹話。<br /><br />（八）接下來的一年中，最重要、最值得被推動的校園議題類別是：「校務參與」、「學生政治意識/社會責任」；具體而言是：「「校園政治100分，校園政客0分」我們不夠有權利去做甚麼人文大樓的爭取（不然何以至今未落土？可見成效之不彰）但回歸政治的風氣養成，校園應當具有政治意識，因此我支持「校園政治100分，校園政客0分」，我會極力提倡與表態我對於校內校外政治議題的看法，而我認為任何一個有魄力的臺大學代會代表，都應該慎重看待我的主張與政見。」。<br /><br />補充說明：我們要找回臺大人的驕傲！<p>
王嘉能,文學院,1,https://drive.google.com/file/d/1blnqF03M7bV69Z9DTwljrGyLi6vxbBuW/view?usp=drivesdk,0.667,"A,B,C,D,E",0.667,1,1,1,0,"B,E",<p>（一）在理想中，台大校園空間與資源對外開放的程度為：偏向對外開放<br /><br />補充說明：無<br /><br />（二）在接下來的一年中，學生代表的任務，按照重要性高低的排序為：「向校方爭取權益」、「對社會議題進行表態、倡議」、「反映選民意見」、「資訊公開，例如：公開學代會內部會議紀錄、或出席校級會議的會議紀錄」、「監督學生會行政施政」<br /><br />補充說明：向校方爭取權益是學代最重要的職責之一，除此之外其他都認為同等重要<br /><br />（三）面對與學生身份無關、且學生意見分歧之議題（例如：廢除死刑議題），學生會長「偏向可以」表態<br />（四）面對與學生身份無關、但學生意見普遍一致之議題（例如：婚姻平權議題），學生會長「一定可以」表態<br />（五）面對與學生身份有關、但學生意見分歧之議題（例如：本校校長聘任議題），學生會長「一定可以」表態<br />（六）面對與學生身份有關、且學生意見普遍一致之議題（例如：廢除英檢畢業門檻），學生會長「一定可以」表態。<br /><br />補充說明：無<br /><br />（七）學生會與校方之間的關係，應該要比較接近「介於橋樑式學生會與工會式學生會之間」。<br /><br />補充說明：橋樑式學生會應為常態，然而在重要且權衡考量的情況下，工會式的爭取也是必須<br /><br />（八）接下來的一年中，最重要、最值得被推動的校園議題類別是：「性別友善」、「校園建築新建與廢除」；具體而言是：「人文大樓和陳文成紀念廣場應儘速興建完工」與「性別平權與友善的實踐還需要努力」。<br /><br />補充說明：無<p>
賴廷炎,醫學院,1,https://drive.google.com/file/d/13NN06pMpmtV715hri3fVVX1Wsw3KW-mG/view?usp=drivesdk,-0.667,"D,A,E,B,C",-1,0.667,0,1,-0.667,J,<p>（一）在理想中，台大校園空間與資源對外開放的程度為：偏向不對外開放<br /><br />補充說明：台大為國立大學，但若學生權益與民眾使用校園資源衝突（例如：體育資源使用），應以學生優先。<br /><br />（二）在接下來的一年中，學生代表的任務，按照重要性高低的排序為：「資訊公開，例如：公開學代會內部會議紀錄、或出席校級會議的會議紀錄」、「向校方爭取權益」、「監督學生會行政施政」、「對社會議題進行表態、倡議」、「反映選民意見」<br /><br />補充說明：無<br /><br />（三）面對與學生身份無關、且學生意見分歧之議題（例如：廢除死刑議題），學生會長「一定不行」表態<br />（四）面對與學生身份無關、但學生意見普遍一致之議題（例如：婚姻平權議題），學生會長「偏向可以」表態<br />（五）面對與學生身份有關、但學生意見分歧之議題（例如：本校校長聘任議題），學生會長「介於不行與可以中間」表態<br />（六）面對與學生身份有關、且學生意見普遍一致之議題（例如：廢除英檢畢業門檻），學生會長「一定可以」表態。<br /><br />補充說明：應有所謂意見普遍一致的標準，並在符合學術追求真理、自由、平等的精神的前提下。<br /><br />（七）學生會與校方之間的關係，應該要比較接近「偏向橋樑式學生會」。<br /><br />補充說明：無<br /><br />（八）接下來的一年中，最重要、最值得被推動的校園議題類別是：「學生政治意識/社會責任」；具體而言是：「台大價值」。<br /><br />補充說明：無<p>
